{
  "project_info": {
    "project_number": "1091303149801",
    "project_id": "sanjayafarm-8f453",
    "storage_bucket": "sanjayafarm-8f453.appspot.com"
  },
  "client": [
    {
      "client_info": {
        "mobilesdk_app_id": "1:1091303149801:android:b5201b471aea448b4aa078",
        "android_client_info": {
          "package_name": "com.example.cam"
        }
      },
      "oauth_client": [
        {
          "client_id": "1091303149801-8vlo78j42l0ifbsoi5mco06ham1mphe9.apps.googleusercontent.com",
          "client_type": 3
        }
      ],
      "api_key": [
        {
          "current_key": "AIzaSyCmbPQfZC60iuPWKHi7mEyiE_cNocB0hCQ"
        }
      ],
      "services": {
        "appinvite_service": {
          "other_platform_oauth_client": [
            {
              "client_id": "1091303149801-8vlo78j42l0ifbsoi5mco06ham1mphe9.apps.googleusercontent.com",
              "client_type": 3
            }
          ]
        }
      }
    }
  ],
  "configuration_version": "1"
}